<?xml version="1.0" encoding="ISO-8859-1"?>
<settings xmlns:xsi="http://www.w3.org/2001/XMLSchema-instance" xsi:noNamespaceSchemaLocation="settings.xsd" verbose="3" delays="true" ping="10" fps="on" display2d="no" display3d="yes" tcptimeout="2000" upgrades="no" poker3d_version="1.1.36" poker_network_version="1.1.1">
  <delays blind_ante_position="0.5" sit="5" position="1" begin_round="1" end_round="1" end_round_last="1" showdown="5" lag="15"/>
  <screen fullscreen="no" width="1280" height="1024"/>
  <name>name</name>
  <passwd>password</passwd>
  <remember>no</remember>
  <servers>%HOST%:19380</servers>
  <sound>off</sound>
  <shadow>off</shadow>
  <vprogram>off</vprogram>
  <fprogram>off</fprogram>
  <glow>off</glow>
  <trilinear>no</trilinear>
  <tournaments currency_serial="1" type="sit_n_go" sort="name"/>
  <lobby currency_serial="0" type="holdem" sort="name"/>
  <muck>no</muck>
  <auto_post>no</auto_post>
  
  <chat max_chars="80" line_length="20"/>
  <rsync path="/usr/bin/rsync" dir="." source="no/linux-gnu" target="/usr" upgrades="share/poker3d/upgrades"/>
  <metisse display="5">
    <lobby port="19379">/usr/lib/poker-network/poker-interface --glade /usr/share/poker3d/data/interface/interface.glade -r /usr/share/poker3d/data/interface/gtkrc --datadir /usr/share/poker3d/data/interface --verbose %verbose% --display :%display% --port %port%</lobby>
    <xwnc>/usr/bin/Xwnc -fp /usr/share/fonts/X11/misc -localhost -auth /unlikely-to-exists -to 200000 -rfbwait 180000 -depth 24 -geometry %width%x%height% :%display%</xwnc>
  </metisse>
  <web browser="/usr/bin/x-www-browser">http://%WWW%/poker-web/</web>
  <user path="~/.poker3d"/>
  <path>/etc/poker-engine /etc/poker-network /usr/share/poker3d</path> 
  <data path="/usr/share/poker3d/data" sounds="/usr/share/poker3d/data/sounds"/>
</settings>
